Id,Actual SalePrice,Predicted SalePrice
1,208500,216091.8480491859
2,181500,161190.40157860712
3,223500,218925.77593095397
4,140000,180639.3508097828
5,250000,239452.6779343792
6,143000,201679.88026680518
7,307000,208356.97363029234
8,200000,252861.08711657778
9,129900,248731.99709570245
10,118000,139055.3320174136
11,129500,105636.25187792393
12,345000,284024.54843233636
13,144000,119488.34317852836
14,279500,187683.12852707139
15,157000,160818.215890156
16,132000,116003.99472732222
17,149000,131509.37855473795
18,90000,194299.37404154846
19,159000,119366.54137675157
20,139000,139054.7169359672
21,325300,287947.51508362585
22,139400,115176.42584174701
23,230000,218797.26540741895
24,129900,110214.70301697399
25,154000,110214.70301697399
26,256300,198640.2664317785
27,134800,91164.56030566926
28,306000,209390.6658854534
29,207500,195628.50359106436
30,68500,108562.02557160903
31,40000,136780.59397461292
32,149350,131150.63308558753
33,179900,160807.12989288414
34,165500,150346.4887337952
35,277500,221692.21880331624
36,309000,295803.5762228498
37,145000,117609.26454297779
38,153000,132202.14283556287
39,109000,107393.52871169773
40,82000,179414.20556722936
41,160000,167599.29356060564
42,170000,168570.90780386384
43,144000,119105.07149280538
44,130250,95092.59087528124
45,141000,119517.93331342342
46,319900,241435.74087689226
47,239686,285542.5273767076
48,249700,204428.94306068035
49,113000,215447.10647951672
50,127000,99360.93433778298
51,177000,182691.20048595694
52,114500,122205.53317684215
53,110000,112075.96415771023
54,385000,250796.4123025493
55,130000,141225.47067180544
56,180500,180550.65196646017
57,172500,216578.488960425
58,196500,214614.473675619
59,438780,378870.0898264112
60,124900,105843.60541040252
61,158000,121403.72067073225
62,101000,115486.53351829533
63,202500,201948.69672974022
64,140000,215033.01449600593
65,219500,249583.47711640387
66,317000,267879.21495130804
67,180000,261385.38632005412
68,226000,186132.59014432982
69,80000,102432.42096837107
70,225000,269654.9243613425
71,244000,265550.36055703973
72,129500,112562.60506894934
73,185000,214407.7352245868
74,144900,112902.3028803927
75,107400,201668.17918808697
76,91000,129855.47094648029
77,135750,123623.11219917255
78,127000,163067.19755349134
79,136500,188922.9441518183
80,110000,158440.72370328556
81,193500,231152.9346767494
82,153500,196026.4456589808
83,245000,192304.5384589547
84,126500,114301.44932646245
85,168500,189185.64419865722
86,260000,262090.53832240618
87,174000,195564.3309643143
88,164500,185404.55672884095
89,85000,187979.1809028726
90,123600,100467.79060211871
91,109900,132719.60404458977
92,98600,157898.7362776861
93,163500,127374.60953409376
94,133900,245496.11572546905
95,204750,221436.8425596819
96,185000,186261.10066786484
97,214000,194888.7690968573
98,94750,99877.7804653635
99,83000,114039.97944251624
100,128950,130840.5254090392
101,205000,197162.8920582116
102,178000,215854.90438181226
103,118964,164837.91460656584
104,198900,157469.10946002736
105,169500,165055.12397342353
106,250000,247753.03627345542
107,100000,138465.3218806584
108,115000,109284.9950687754
109,115000,190060.6207139418
110,190000,223862.35745770807
111,136900,195405.00014299146
112,180000,184637.3982759486
113,383970,293441.61887012736
114,217000,266760.5860468916
115,259500,281658.1422427378
116,176000,212104.02212833744
117,139000,113522.51823348933
118,155000,147586.95502409455
119,320000,347255.6941504047
120,163990,189836.06476809527
121,180000,156938.82311314612
122,100000,111704.8309670327
123,136000,109771.02089856812
124,153900,181761.49253775834
125,181000,197193.09727455303
126,84500,105667.07217571174
127,128000,156849.5091883771
128,87000,84962.40677470298
129,155000,143554.9401475201
130,150000,113061.01862026917
131,226000,232703.47305949096
132,244000,249139.794997998
133,150750,140325.35285850192
134,220000,194299.37404154846
135,180000,214717.8429011351
136,174000,207116.54292409908
137,143000,153717.61212510616
138,171000,211678.22906610844
139,230000,228259.21144374483
140,231500,219162.71959832762
141,115000,87443.26818708949
142,260000,212491.74265093653
143,166000,144310.39752169425
144,204000,185895.64647695617
145,125000,130621.47079784243
146,130000,209907.5120130339
147,105000,118174.74846316042
148,222500,249686.84634191997
149,141000,112282.08752729607
150,115000,142082.6296922757
151,122000,101866.93704818843
152,372402,237094.23340521584
153,190000,215750.9200748498
154,235000,184228.29864939777
155,125000,97603.04242256284
156,79000,141019.3473022196
157,109500,135230.6706733177
158,269500,213166.68943694717
159,254900,240590.35449650272
160,320000,266742.1534706309
161,162500,158089.324813124
162,412500,320141.6993510702
163,220000,192541.4821263283
164,103200,145981.685208439
165,152000,195272.0407825803
166,127500,141209.3207562111
167,190000,225739.15343259228
168,325624,232616.2537495692
169,183500,214614.473675619
170,228000,240354.02591057547
171,128500,179174.9792391894
172,215000,174333.82805330039
173,239000,240475.21263090588
174,163000,145002.10930474557
175,184000,203912.09693309985
176,243000,226725.87547437122
177,211000,222676.65818442882
178,172500,204635.06643026622
179,501837,328387.32625723234
180,100000,127788.08643615819
181,177000,189435.34144252268
182,200100,168423.34962262172
183,120000,141669.15279021126
184,200000,249523.06668372097
185,127000,127550.52768733817
186,475000,392736.48579827085
187,173000,156538.7864303824
188,135000,210509.90987131622
189,153337,133806.36015344484
190,286000,255152.59015641914
191,315000,326240.4836565204
192,184000,130012.956523464
193,192000,178659.80069082885
194,130000,209907.5120130339
195,127000,87443.26818708949
196,148500,187324.99813936732
197,311872,214175.85547553565
198,235000,327851.1832454632
199,104000,176886.62331196884
200,274900,210320.98891509834
201,140000,173698.6929475022
202,171500,162947.67841238092
203,112000,195746.54319877393
204,149000,139956.06491216348
205,110000,164022.66188115522
206,180500,177285.79554277804
207,143900,184549.56388458045
208,141000,114349.47203761818
209,277000,249966.74880212685
210,145000,113522.51823348933
211,98000,117037.68698248328
212,186000,156021.9403028019
213,252678,228259.21144374483
214,156000,100467.79060211871
215,161750,148103.1860702287
216,134450,158002.1055032022
217,210000,184198.78007586524
218,107000,142939.78871274597
219,311500,211218.82406773552
220,167240,186826.5845880475
221,204900,212668.8909670737
222,200000,244074.08786626247
223,179900,194737.37716018545
224,97000,114526.62035375532
225,386250,283019.75966926146
226,112000,168895.07078115924
227,290000,272737.56855056493
228,106000,133322.0019028721
229,125000,92404.99101186253
230,192500,223583.07007894755
231,148000,124066.17923613203
232,403000,301060.73634197767
233,94500,133322.0019028721
234,128200,90544.34495257263
235,216500,212339.73563281834
236,89500,133322.0019028721
237,185500,176902.52385705506
238,194500,217095.33508800552
239,318000,208356.97363029234
240,113000,160434.32912298662
241,262500,195125.71276423094
242,110500,114733.35880478754
243,79000,149495.00871309382
244,120000,130013.57160491036
245,205000,257439.53825562782
246,241500,224245.62914343106
247,137000,207973.086863123
248,140000,169859.36122121284
249,180000,211750.3405775095
250,277000,225278.70631714573
251,76500,135643.53249393578
252,235000,225796.782607619
253,173000,203833.86900560267
254,158000,167836.23722797926
255,145000,133959.41966933667
256,230000,246554.949278649
257,207500,215441.42747974786
258,220000,205134.7101444788
259,231500,222057.05791277855
260,97000,116387.26641304523
261,176000,143499.59363315973
262,276000,310424.9921525563
263,151000,125926.8252954219
264,130000,136677.22474909681
265,73000,104189.69780214484
266,175500,180240.54428991184
267,185000,195521.37217148105
268,179500,236321.39595255465
269,120500,105636.86695937031
270,148000,119263.17215123546
271,266000,239763.4006923739
272,241500,168618.93051501957
273,290000,246895.26217153878
274,139000,199437.0150195659
275,124500,112075.96415771023
276,205000,191812.83362939308
277,201000,194505.4974111343
278,141000,114526.62035375532
279,415298,258576.59973630498
280,192000,218748.62761481683
281,228500,241697.21076083847
282,185000,188273.75374527296
283,207500,196160.02010083836
284,244600,182484.4620349247
285,179200,220628.32133181376
286,164700,190603.22322098762
287,159000,185966.5278254645
288,88000,86823.05283399286
289,122000,91164.56030566926
290,153575,147457.82941911314
291,233230,237696.0161820518
292,135900,126869.97346292122
293,131000,186616.94839490255
294,235000,275766.0963883198
295,167000,173093.39734710715
296,142500,104322.657162556
297,152000,135668.05871050834
298,239000,238389.3955443231
299,175000,190466.75103701735
300,158500,119724.67176445562
301,157000,165827.96142608474
302,267000,265708.4612154698
303,205000,190030.41549760036
304,149900,90544.34495257263
305,295000,431946.52522732876
306,305900,242499.02326694835
307,225000,241593.226453876
308,89500,145980.45504554623
309,82500,143810.9314726008
310,360000,236710.3466380465
311,165600,189465.5466588641
312,132000,128201.5633382226
313,119900,113699.05146818011
314,375000,246220.31538552814
315,178000,173842.1232237388
316,188500,182333.07009825288
317,260000,257985.9745181034
318,270000,241830.785202696
319,260000,285762.09096559417
320,187500,182897.93893698914
321,342643,310688.74469716894
322,354000,269873.4354524555
323,301000,291934.039280219
324,126175,120861.73324513278
325,242000,295508.3882990031
326,87000,110732.16422600088
327,324000,241093.76040478254
328,145250,149683.9296693117
329,214500,202183.79515277475
330,78000,123859.44078509981
331,119000,130621.47079784243
332,139000,109801.22611490957
333,284000,201637.97397174552
334,207000,200708.26602354698
335,192000,206138.1971832984
336,228950,217866.942377774
337,377426,234436.2236766922
338,214000,192024.63599874778
339,202500,203322.08679634464
340,155000,126236.93297197024
341,202900,209475.60253470883
342,82000,112149.12816688491
343,87500,167836.85230942565
344,266000,234406.6335417971
345,85000,114137.66966826348
346,140200,163656.59260880016
347,151500,126754.39418099713
348,157500,183518.15429008577
349,154000,231981.11864377098
350,437154,296749.4340866427
351,318061,253529.9402622765
352,190000,184003.1276221049
353,95000,112975.46688956738
354,105900,102152.51850816417
355,140000,195111.65746348383
356,177500,154781.50959660864
357,173000,151370.32515457718
358,134000,122260.87969120251
359,130000,140398.51686767658
360,280000,235701.79568090438
361,156000,121999.4098072563
362,145000,161236.14162909653
363,198500,232425.85325995044
364,118000,133322.0019028721
365,190000,197011.50012153975
366,147000,139571.56306354774
367,159000,148309.92452126092
368,165000,148564.68568344886
369,132000,163820.98734844552
370,162000,136190.5838378577
371,172400,208825.79704671714
372,134432,167805.41693019148
373,125000,102949.26709595158
374,123000,134476.2657969172
375,219500,209031.92041630298
376,61000,121730.59334432127
377,148000,122206.14825828854
378,340000,291169.7785694394
379,394432,260277.47755794477
380,179000,222884.01171690738
381,127000,205535.7993250161
382,187750,192305.15354040105
383,213500,225084.97066908702
384,76000,108768.14894119487
385,240000,243721.63647832733
386,192000,191508.40495261364
387,81000,68865.78264763931
388,125000,116933.70267552079
389,191000,183621.52351560188
390,426000,282898.572948931
391,119000,114865.70308375233
392,215000,239526.45702500024
393,106500,89303.91424637938
394,100000,106670.55921453136
395,109000,134610.4553202211
396,129000,118897.71796032679
397,123000,122649.83037669436
398,169500,193471.19007452688
399,67000,141566.39864614155
400,241000,223066.22395136702
401,245500,191519.49094988548
402,164990,166152.12440338015
403,108000,94679.7290546632
404,258000,248682.74422165396
405,168000,199315.8282992355
406,150000,203218.71757082854
407,115000,170065.48459079867
408,177000,179826.45230640104
409,280000,266359.49686635425
410,339750,254131.72303911246
411,60000,130031.38909972468
412,145000,107290.15948618163
413,222000,219193.53989611543
414,115000,133990.23996712448
415,228000,258606.8049526464
416,181134,169253.2011688633
417,149500,148930.13987435756
418,239000,285999.0346329678
419,126000,123944.99251580161
420,142000,109801.22611490957
421,206300,204283.23012377738
422,215000,201358.07151153864
423,113000,127344.40431775234
424,315000,281597.11672860855
425,139000,153867.33648255802
426,135000,147793.0783936804
427,275000,227760.797892425
428,109008,91888.144884282
429,195400,185202.88219613125
430,175000,176695.78540602286
431,85400,130810.93527414417
432,79900,97396.30397153061
433,122500,174906.63577668765
434,181000,202623.64351575085
435,81000,117421.57374965264
436,212000,206004.62274144086
437,116000,145804.53689230184
438,119000,118661.38937439953
439,90350,96953.85201601751
440,110000,126783.98431589219
441,555000,318670.0039772722
442,118000,155017.8381825359
443,162900,198360.3639715716
444,172500,190371.34347193647
445,210000,206964.53590598088
446,127500,177745.01249533184
447,190000,259063.85572899046
448,199900,209712.54620208245
449,119500,175485.559916171
450,120000,156093.43673275659
451,110000,111765.85648116193
452,280000,216286.81386013736
453,204000,218335.76579419879
454,210000,198665.40772979744
455,188000,184788.1751311741
456,175500,132597.802242813
457,98000,112488.21089688192
458,256000,202140.76479857895
459,161000,175367.52030846145
460,110000,122485.43563704903
461,263435,239349.9237903095
462,155000,117967.39493068185
463,62383,87443.26818708949
464,188700,175806.1385085448
465,124000,135731.36688530393
466,178740,206496.94265244884
467,167000,159729.17712063456
468,146500,176663.29752901505
469,250000,202154.82009932605
470,187000,213580.78142045796
471,212000,213640.5052103319
472,190000,242864.47745785705
473,148000,138538.48588983307
474,440000,267101.5140212277
475,251000,231098.81832528178
476,132500,127994.82488719039
477,208900,187579.75930155528
478,380000,315046.40208443964
479,297000,210837.83504267887
480,89471,149659.40345273915
481,326000,226993.63943953265
482,374000,245570.50989753645
483,155000,165882.07777755236
484,164000,183518.76937153214
485,132500,103909.18026049159
486,147000,113182.2053405996
487,156000,115128.40313059128
488,175000,186649.43627191035
489,160000,290316.0158880716
490,86000,117421.57374965264
491,115000,133984.5609673556
492,133000,161248.89520558834
493,172785,189836.06476809527
494,155000,135388.77133174782
495,91300,116800.74331510963
496,34900,99641.45187943622
497,430000,374959.26167016715
498,184000,194298.14387865574
499,130000,91061.19108015316
500,120000,121999.4098072563
501,113000,132628.0074591544
502,226700,219576.19650039205
503,140000,155727.98254184792
504,289000,276095.25172257517
505,147000,170962.45529148134
506,124500,213791.96870836627
507,215000,236869.06237792296
508,208300,181214.4411938364
509,161000,175692.29836720324
510,124500,108250.687732168
511,164900,171129.99714374752
512,202665,201741.958278708
513,129900,87443.26818708949
514,134000,113340.92108047607
515,96500,109284.9950687754
516,402861,250647.37458790635
517,158000,255858.7946565448
518,265000,279116.8703976684
519,211000,222470.53481484298
520,234000,226754.41311149264
521,106250,167009.28342385043
522,150000,132804.5406938452
523,159000,205255.8968648092
524,184750,560313.2858235165
525,315750,287209.875204266
526,176000,161603.87848067156
527,132000,121142.25078678603
528,446261,327304.3811280228
529,86000,90265.05757381213
530,200624,298745.9372484565
531,175000,184211.53365235706
532,128000,171527.3241302176
533,107500,113213.02563838738
534,39300,84313.21636815766
535,178000,180472.42403896298
536,107500,137370.60411136813
537,188000,217539.01720641137
538,111250,87443.26818708949
539,158000,126529.22315370422
540,272000,196232.56902856665
541,315000,255347.62752873317
542,248000,245934.7339255524
543,213250,206909.80447306688
544,133000,134094.22427408694
545,179665,191459.7671600115
546,229000,237902.13955163764
547,210000,173221.90787064217
548,129500,107114.2413329372
549,125000,110495.22055862725
550,263000,226191.21185197635
551,140000,165812.4265919368
552,112500,94058.89862012019
553,255500,210734.46581716277
554,108000,174215.53907508272
555,284000,250823.90782259713
556,113000,136057.62447744657
557,141000,143116.9370288831
558,108000,144825.57607005478
559,175000,183780.23925547834
560,234000,223789.80852997978
561,121500,145592.11944150078
562,170000,173817.59700716625
563,108000,103599.07258394327
564,185000,179206.23695330444
565,268000,249479.49280944138
566,128000,144867.91978144165
567,325000,276105.79419976316
568,214000,191921.26677323168
569,316600,281274.1839142059
570,135960,122692.78916952762
571,142600,130621.47079784243
572,120000,114526.62035375532
573,224500,209209.06873244012
574,170000,187148.46490467654
575,139000,112768.72843853518
576,118500,155934.72099288012
577,145000,183414.78506456967
578,164500,137090.70165116125
579,146000,201711.7530623666
580,131500,189202.84661202517
581,181900,150869.0138611446
582,253293,250410.4309205327
583,118500,82481.54536231645
584,325000,358786.2548599454
585,133000,163243.11570673576
586,369900,272476.7137480651
587,130000,114350.08711906454
588,137000,114113.14345169089
589,143000,209583.9641171849
590,79500,121865.83536539879
591,185900,197838.4539256686
592,451950,281688.34745907923
593,138000,109564.89752898228
594,140000,142467.13154089142
595,110000,93645.42171805579
596,319000,222001.71139841818
597,114504,144563.49110466221
598,194201,154717.14892403944
599,217500,203498.62003103542
600,151000,195150.85406224988
601,275000,236145.47779931023
602,141000,146345.90923645493
603,220000,237282.5392799874
604,151000,182923.69531645445
605,221000,185172.06189834344
606,205000,242110.68766290287
607,152000,108147.31850665188
608,225000,273421.0920784572
609,359100,344919.4931771476
610,118500,104499.19039724678
611,313000,261884.41495282034
612,148000,137415.479709903
613,261500,230326.59595406693
614,147000,116416.85654794028
615,75500,117421.57374965264
616,137500,109594.48766387736
617,183200,192803.56709172088
618,105500,111218.80513723996
619,314813,227230.58310690627
620,305000,248579.37499613786
621,67000,117037.68698248328
622,240000,282454.27574907884
623,135000,101945.16497568559
624,168500,215174.89367747915
625,165150,168241.75246960847
626,160000,117062.21319905584
627,139900,147634.36265380392
628,153000,160275.61338311015
629,135000,171135.475702613
630,168500,143761.6785985523
631,124000,186561.60188054218
632,209500,220968.6342247035
633,82500,176592.41618050676
634,139400,109801.22611490957
635,144000,163467.23423625503
636,200000,253793.39865731337
637,60000,137505.4087161184
638,93000,176622.62139684818
639,85000,107497.51301866019
640,264561,254417.9195805346
641,274000,220316.54607604546
642,226000,236218.6418084849
643,345000,291757.5060455282
644,152000,174683.13232861474
645,370878,248963.8768447536
646,143250,103107.36775438167
647,98300,111485.33893950867
648,155000,111218.1900557936
649,155000,167225.87770926172
650,84500,117421.57374965264
651,205950,208929.16627223324
652,108000,129647.50233255532
653,191000,243795.41556894837
654,135000,155003.7828817888
655,350000,284832.998098842
656,88000,117092.41841539726
657,145500,110549.95199154122
658,149000,159473.80087700023
659,97500,151355.6547723837
660,167000,156761.0597155626
661,197900,236838.85716158155
662,402000,262783.91768467746
663,110000,171616.63805498663
664,137500,152817.49431180264
665,423000,285189.460907326
666,230500,236942.22638709765
667,129000,282838.1625162482
668,193500,206806.43524755078
669,168000,152754.80121845342
670,137500,149702.36224557238
671,173500,189392.38264968942
672,103600,172250.90870883033
673,165000,129083.24857526542
674,257500,223345.51133012754
675,140000,115559.69752747001
676,148500,185774.45975662576
677,87000,189543.15950491492
678,109500,109595.10274532373
679,372500,248312.8411938692
680,128500,100261.0521510865
681,143000,153231.58629531343
682,159434,157764.5467543822
683,173000,163687.41290658797
684,285000,205669.3737668736
685,221000,197320.9927166417
686,207500,246780.1203059419
687,227875,245377.82674725133
688,148800,172793.51121587618
689,392000,209524.8554087573
690,194700,201121.74292561138
691,141000,139956.06491216348
692,755000,490994.87921359716
693,335000,272634.19932504883
694,108480,136130.78848662123
695,141500,160787.39559236818
696,176000,175352.60055575985
697,89000,88891.05242576133
698,123500,148905.613657785
699,138500,90544.34495257263
700,196000,201608.38383685047
701,312500,219314.11153499945
702,140000,124535.00265255681
703,361919,281037.3118081948
704,140000,193471.19007452688
705,213000,186649.43627191035
706,55000,146128.69986959727
707,302000,246367.25848532387
708,254000,197193.7123559994
709,179540,189836.06476809527
710,109900,94089.10383646164
711,52000,103082.84153780912
712,102776,154517.75705199607
713,189000,184759.2000777254
714,129000,99877.7804653635
715,130500,187191.4236975098
716,165000,172797.96005275229
717,159500,273240.3593773984
718,157000,123471.10518105434
719,341000,291788.32634331606
720,128500,102073.67549922063
721,275000,237890.98199300328
722,143000,139956.06491216348
723,124500,87443.26818708949
724,135000,155607.8483192911
725,320000,211281.51716108472
726,120500,87443.26818708949
727,222000,201887.671215611
728,194500,187683.74360851775
729,110000,192260.96458467506
730,103000,152596.7005600233
731,236500,224866.45957797408
732,187500,149199.57141873898
733,222500,249273.36943985554
734,131400,118897.71796032679
735,108000,98637.34975917023
736,163000,216564.4336596779
737,93500,167836.85230942565
738,239900,225498.44757115142
739,179000,182365.55797526066
740,190000,215441.42747974786
741,132000,210868.65534046665
742,142000,92404.99101186253
743,179000,170183.52419850824
744,175000,182070.9851328603
745,180000,196026.4456589808
746,299800,328011.8157910413
747,236000,242937.02638558534
748,265979,252535.6939763896
749,260400,211044.57349371107
750,98000,166728.76588219719
751,96500,120995.30768699032
752,162000,170755.71684044914
753,217000,185172.06189834344
754,275500,256199.1075494346
755,156000,104189.08272069847
756,172500,186364.46989338097
757,212000,219576.19650039205
758,158900,177578.08572451206
759,179400,189465.5466588641
760,290000,273874.63003124215
761,127500,117037.68698248328
762,100000,162210.03853302108
763,215200,196731.59766133287
764,337000,283798.69076223456
765,270000,188241.26586826518
766,264132,216006.91139993048
767,196500,213994.25832252236
768,160000,184551.23146380045
769,216837,225546.4702823072
770,538000,388823.1256108523
771,134900,116417.47162938665
772,102000,156348.19789494452
773,107000,116106.74887139196
774,114500,121999.4098072563
775,395000,242219.12080674147
776,162000,182278.33866533887
777,221500,200087.43558900396
778,142500,90544.34495257263
779,144000,219994.1222393326
780,135000,128998.31192601
781,176000,160260.0785489622
782,175900,202520.27429023472
783,187100,178556.43146531275
784,165500,169549.8686261109
785,128000,191671.5695293662
786,161500,171971.00624862345
787,139000,174421.04736322217
788,233000,225157.5195968153
789,107900,118351.28169785123
790,187500,198384.2751066978
791,160200,176179.5543598887
792,146800,107910.37483927824
793,269790,247412.72338056564
794,225000,187889.8669781036
795,194500,232704.08814093735
796,171000,198488.87449510666
797,143500,139553.74556873343
798,110000,105120.02083178978
799,485000,371943.7366353858
800,175000,189481.08149301205
801,200000,184223.3062924378
802,109900,151356.26985383008
803,189000,187324.99813936732
804,582933,341583.3895499924
805,118000,144327.16251873496
806,227680,178349.69301428052
807,135500,132040.27998306556
808,223500,167123.12356519199
809,159950,112902.3028803927
810,106000,293891.59506974847
811,181000,137012.47372366406
812,144500,142467.13154089142
813,55993,133133.0809466542
814,157900,126188.29517936811
815,116000,135935.82267566977
816,224900,202434.72255953294
817,137000,129411.78882807444
818,271000,207840.12750271184
819,155000,109387.74921284514
820,224000,200708.26602354698
821,183000,203833.86900560267
822,93000,121969.20459091489
823,225000,215958.27360732836
824,139500,187166.28239949085
825,232600,187166.28239949085
826,385000,278265.390376967
827,109500,108768.14894119487
828,189000,178969.90836737715
829,185000,256582.37923515757
830,147400,185301.18750332485
831,166000,148103.1860702287
832,151000,182923.69531645445
833,237000,225881.7192568744
834,167000,160920.9700342257
835,139950,118897.71796032679
836,128000,165605.6881409046
837,153500,188879.29871617613
838,100000,133322.0019028721
839,144000,117816.00299400999
840,130500,124686.39458922866
841,140000,156848.27902548434
842,157500,194845.81030402405
843,174900,124638.37187807291
844,141000,138064.05503500195
845,153900,123500.69531594939
846,171000,206569.49158017716
847,213000,220299.78107900475
848,133500,87443.26818708949
849,240000,255433.6166757622
850,187000,228569.31912029316
851,131500,139956.06491216348
852,215000,213349.51675285317
853,164000,173800.83201012554
854,158000,156092.8216513102
855,170000,188107.07634496127
856,127000,111717.2186885598
857,147000,104189.08272069847
858,174000,187398.162148542
859,152000,172354.27793434644
860,250000,286589.044769723
861,189950,154128.80636650423
862,131500,111613.8494630437
863,152000,144134.47936844983
864,132500,119311.19486239122
865,250580,172561.01638537867
866,148500,101708.22130831196
867,248900,200884.18417679137
868,129000,117475.69010112027
869,169000,302660.5275987678
870,236000,240797.09294753495
871,109500,120138.76374796641
872,200500,210686.443106007
873,116000,92198.25256083031
874,133000,131715.5019243238
875,66500,118612.75158179742
876,303477,287062.93210447027
877,132250,105636.25187792393
878,350000,244651.34442652587
879,148000,120034.77944100395
880,136500,89954.33481581743
881,157000,143969.0321310309
882,187500,214304.3659990707
883,178000,201486.5820350737
884,118500,182012.12579494083
885,100000,90337.60650154043
886,328900,234479.79755097182
887,145000,183134.2675229164
888,135500,153228.6885532007
889,268000,235335.72640854935
890,149500,185808.42716703442
891,122900,96156.48834678374
892,172500,210789.8123315231
893,154500,111041.65682110282
894,165000,143602.96285867583
895,118858,164837.91460656584
896,140000,165292.06764079718
897,106500,128541.87623111233
898,142953,188568.64751954397
899,611657,320822.940218296
900,135000,128407.68670780843
901,110000,113906.40500065869
902,153000,162726.88466060162
903,180000,195314.63372044882
904,240000,205876.11221790584
905,125500,93882.36538542942
906,128000,110524.8106935223
907,255000,204872.62517908623
908,250000,216843.7210384384
909,131000,120965.71755209527
910,174000,192730.40308254623
911,154300,221677.6199824853
912,143500,132774.33547750377
913,88000,105563.08786874927
914,145000,213111.3429225868
915,173733,185404.55672884095
916,75000,117092.41841539726
917,35311,74332.14154358488
918,135000,127684.1021291957
919,238000,229602.39629400783
920,176500,146807.4088496751
921,201000,214717.8429011351
922,145900,243229.31656731936
923,169990,166772.33975647678
924,193000,224969.82880349018
925,207500,207530.0198261635
926,175000,147132.1869084169
927,285000,260156.7282539416
928,176000,216711.44832083615
929,236500,218073.6808288062
930,222000,240869.64187526325
931,201000,184788.79021262046
932,117500,123343.20973896567
933,320000,232678.9468429184
934,190000,185792.27725144007
935,242000,222548.14766089377
936,79900,134537.9063924928
937,184900,181864.86176327447
938,253000,243071.21590888925
939,239799,239629.82625051637
940,244400,259584.53561200073
941,150900,184788.1751311741
942,214000,252271.0769798226
943,150000,155017.8381825359
944,143000,174864.72948162802
945,137500,142082.6296922757
946,124900,225945.89188362448
947,143000,118897.71796032679
948,270000,206660.1072292014
949,192500,220403.15030452088
950,197500,144455.05796082361
951,129000,87443.26818708949
952,119900,100394.62659294403
953,133900,107114.2413329372
954,172000,210655.62280821922
955,127500,97423.72793021591
956,145000,208563.09699987818
957,124000,158337.35447776946
958,132000,109904.59534042567
959,185000,168943.09349231498
960,155000,180679.1624899952
961,116500,113906.40500065869
962,272000,314145.66918968974
963,155000,196834.96688684897
964,239000,248908.53033039323
965,214900,205517.36674875542
966,178900,192730.40308254623
967,160000,171525.65655099764
968,135000,114142.73358658598
969,37900,130299.15306488612
970,140000,143427.04470543144
971,135000,97834.92217161397
972,173000,228411.21846186306
973,99500,152714.7401677329
974,182000,178349.69301428052
975,167500,214367.92354437438
976,165000,177164.60882244763
977,85500,115043.46648133585
978,199900,186661.13735062853
979,110000,90544.34495257263
980,139000,114009.15914472843
981,178400,103909.18026049159
982,336000,279736.4706693187
983,159895,191198.29727606534
984,255900,248962.64668186085
985,126000,185408.3904842707
986,125000,118454.03584192094
987,117000,196735.35985540008
988,395192,239866.76991789002
989,195000,219575.58141894566
990,197000,197218.23857257195
991,348000,284078.59322244144
992,168000,159710.12946292752
993,187000,228155.84221822873
994,173900,189362.177433348
995,337500,210837.83504267887
996,121600,128846.30490789178
997,136500,109181.01076181294
998,185000,209391.28096689977
999,91000,111971.97985074777
1000,206000,185202.88219613125
1001,82000,122796.15839504372
1002,86000,96643.7443394692
1003,232000,195952.66656835977
1004,136905,179826.45230640104
1005,181000,247905.65837302
1006,149900,132557.12611064612
1007,163500,204532.31228619648
1008,88000,117092.41841539726
1009,240000,210010.88123855004
1010,102000,160983.04804612853
1011,135000,135037.37244158625
1012,100000,178172.54469814338
1013,165000,161984.86750572818
1014,85000,130858.9579852999
1015,119200,139572.17814499413
1016,227000,206418.0996435053
1017,203000,186205.7541535045
1018,187500,195392.1750051371
1019,160000,188978.90574762502
1020,213490,216006.91139993048
1021,176000,148310.5396027073
1022,194000,186443.3129023245
1023,87000,159242.53620939548
1024,191000,218311.23957762623
1025,287000,369941.13983326015
1026,112500,89303.91424637938
1027,167500,131302.02502225936
1028,293077,203395.25080551932
1029,105000,142879.3782800631
1030,118000,132628.0074591544
1031,160000,180889.73469645716
1032,197000,308769.8543814059
1033,310000,245654.21638389913
1034,230000,201711.1379809202
1035,119750,126340.9172789327
1036,84000,85479.25290228351
1037,315500,227791.00310876642
1038,287000,270743.9631308639
1039,97000,143141.46324545567
1040,80000,117421.57374965264
1041,155000,222135.28584027573
1042,173000,145828.44802742804
1043,196000,222416.41846337536
1044,262280,255505.11310571688
1045,278000,273151.0454526294
1046,139600,185305.0212587546
1047,556581,343827.3072950053
1048,145000,100467.79060211871
1049,115000,191243.42224510835
1050,84900,126371.12249527413
1051,176485,165325.17059925132
1052,200141,166772.33975647678
1053,165000,186512.96408794008
1054,144500,131301.409940813
1055,255000,242420.7953394512
1056,180000,190680.8360670384
1057,185850,201328.48137664358
1058,248000,228052.47299271263
1059,335000,270110.99420127546
1060,220000,212532.41878310344
1061,213500,198640.8815132249
1062,81000,122649.83037669436
1063,90000,223167.74793254404
1064,110500,141742.93188083233
1065,154000,123501.31039739576
1066,328000,270433.8554543156
1067,178000,199212.4590737194
1068,167900,143657.69429158984
1069,151400,245757.58560941526
1070,135000,117524.32789372237
1071,135000,108974.27231078073
1072,154000,140483.45351693203
1073,91500,124065.56415468566
1074,159500,151617.73973777628
1075,194000,185999.63078391866
1076,219500,184075.67654983318
1077,170000,184788.79021262046
1078,138800,113935.99513555376
1079,155900,139956.06491216348
1080,126000,100467.79060211871
1081,145000,158265.85804781478
1082,133000,109206.15205983186
1083,192000,181554.13900527978
1084,160000,129958.22509055
1085,187500,189155.4389823158
1086,147000,130682.42475060912
1087,83500,117092.41841539726
1088,252000,243721.63647832733
1089,137500,209907.5120130339
1090,197000,187281.35270372516
1091,92900,167836.85230942565
1092,160000,188298.8950432919
1093,136500,178762.5548348986
1094,146000,187445.13236192413
1095,129000,121969.20459091489
1096,176432,166565.60130544458
1097,127000,146789.59135486078
1098,170000,143762.2936799987
1099,128000,137504.17855322565
1100,157000,198743.6356572946
1101,60000,97574.6824505605
1102,119500,96333.0215814745
1103,135000,147458.44450055953
1104,159500,124066.17923613203
1105,106000,168895.07078115924
1106,325000,312875.6483486014
1107,179900,179796.86217150599
1108,274725,250750.74381342245
1109,181000,211513.39691013587
1110,280000,223035.40365357924
1111,188000,210716.64832234845
1112,205000,212753.21253488274
1113,129900,112075.96415771023
1114,134500,134433.9220855303
1115,117000,111322.17436275608
1116,318000,212491.74265093653
1117,184100,183500.33679527146
1118,130000,90544.34495257263
1119,140000,166137.45402118668
1120,133700,108147.31850665188
1121,118400,134847.39898759473
1122,212900,193678.54360700547
1123,112000,97366.71383663555
1124,118000,97367.32891808193
1125,163900,190012.59800278605
1126,115000,131612.74778025405
1127,174000,223583.07007894755
1128,259000,191404.42064565117
1129,215000,212236.36640730224
1130,140000,121969.20459091489
1131,135000,208429.52255802066
1132,93500,98813.88299386101
1133,117500,205017.72303454284
1134,239500,248136.3079591784
1135,169000,202210.16661368642
1136,102000,129648.73249544806
1137,119000,130061.5943160661
1138,94000,135674.35279172356
1139,196000,219801.36752768492
1140,144000,121275.2101471972
1141,139000,123623.11219917255
1142,197500,205340.83351406464
1143,424870,336122.6380924532
1144,80000,102121.69821037637
1145,80000,123239.84051344957
1146,149000,168575.35664073995
1147,180000,162400.62706845897
1148,174500,168393.75948772667
1149,116900,142569.88568496116
1150,143000,156347.58281349816
1151,124000,121555.72768885046
1152,149900,155752.50875842047
1153,230000,217439.41017496248
1154,120500,112075.96415771023
1155,201800,171342.8292350916
1156,218000,179280.01604392548
1157,179900,161500.50925515546
1158,230000,196160.02010083836
1159,235128,196572.8819214564
1160,185000,203656.72068946552
1161,146000,187324.99813936732
1162,224000,172679.92044504272
1163,129000,90544.34495257263
1164,108959,196509.75141177996
1165,194000,179321.30725753875
1166,233170,188510.08233120022
1167,245350,208356.97363029234
1168,173000,209549.38162532987
1169,235000,221557.41419856597
1170,625000,419773.48283300095
1171,171000,116210.11809690806
1172,163000,130991.91734571104
1173,171900,190603.22322098762
1174,200500,394897.3836997299
1175,239000,254647.9540852466
1176,285000,309123.53593223385
1177,119500,93542.05249253967
1178,115000,124656.18937288722
1179,154900,145549.16064866752
1180,93000,114319.26682127675
1181,250000,269606.2865687404
1182,392500,228587.75169655384
1183,745000,507533.9552961739
1184,120000,144533.90096976716
1185,186700,164198.58003439964
1186,104900,99773.79615840103
1187,95000,208873.81975787287
1188,262000,225693.4133821029
1189,195000,208412.3201446527
1190,189000,223297.4886189718
1191,168000,170819.27438575283
1192,174000,210346.74529456365
1193,125000,152802.82392960918
1194,165000,184345.72317566097
1195,158000,116885.06488291868
1196,176000,189836.06476809527
1197,219210,204823.9873864841
1198,144000,177848.38172084797
1199,178000,156021.9403028019
1200,148000,147069.49381506766
1201,116050,87443.26818708949
1202,197900,218202.19135234124
1203,117000,137473.97333688423
1204,213000,199230.2765685337
1205,153500,115231.77235610738
1206,271900,260248.32483937696
1207,107000,136884.5782815754
1208,200000,208977.18898338897
1209,140000,133266.04030706536
1210,290000,207353.48659147273
1211,189000,230046.69349386005
1212,164000,187269.0365435606
1213,113000,94679.7290546632
1214,145000,151032.72195798103
1215,134500,103909.18026049159
1216,125000,90544.34495257263
1217,112000,202774.42037097632
1218,229456,166565.60130544458
1219,80500,116977.27654980042
1220,91500,132628.0074591544
1221,115000,121999.4098072563
1222,134000,123312.38944117787
1223,143000,224069.09590874027
1224,137900,224451.7525130169
1225,184000,193350.61843564283
1226,145000,118277.50260723016
1227,214000,212059.83317261143
1228,147000,121999.4098072563
1229,367294,241847.5501997367
1230,127000,159432.50966338697
1231,190000,294177.5911702672
1232,132500,123652.70233406761
1233,101800,186856.7898043889
1234,142000,123445.96388303541
1235,130000,180147.03089877483
1236,138887,166562.70356333186
1237,175500,231981.11864377098
1238,195000,211099.30492662507
1239,142500,122157.51046568641
1240,265900,213732.78843857616
1241,224900,222087.26312912
1242,248328,207840.12750271184
1243,170000,151990.5405076738
1244,465000,281008.3367547461
1245,230000,159965.50570656185
1246,178000,260008.2340593825
1247,186500,194840.74638570155
1248,169900,107527.10315355526
1249,129500,221969.2235214104
1250,119000,102772.11877981444
1251,244000,257439.53825562782
1252,171750,205566.6196228039
1253,130000,88476.96044225054
1254,294000,265842.65073877375
1255,165400,207998.84324258828
1256,127500,141949.05525041817
1257,301500,268238.5755019048
1258,99900,114526.62035375532
1259,190000,178350.30809572688
1260,151000,113164.38784578528
1261,181000,209962.8585273943
1262,128900,136264.36292847877
1263,161500,131300.7948593666
1264,180500,194210.92456873396
1265,181000,196026.4456589808
1266,183900,184400.45460857498
1267,122000,177416.47224252287
1268,378500,249381.80258369414
1269,381000,403678.08886883
1270,144000,164258.99046708248
1271,260000,215413.9319597
1272,185750,187166.28239949085
1273,137000,94782.48319873294
1274,177000,167998.71516192294
1275,139000,164972.10412986975
1276,137000,209657.1996877221
1277,162000,148413.29374677702
1278,197900,184932.83557030346
1279,237000,246762.3028111276
1280,68400,146838.22914746287
1281,227000,193338.23071411572
1282,180000,198744.250738741
1283,150500,135731.36688530393
1284,139000,201851.421144536
1285,169000,264132.7815347093
1286,132500,117006.25160324911
1287,143000,141487.555637198
1288,190000,167185.20157709485
1289,278000,229311.33627516657
1290,281000,242967.84668337315
1291,180500,119724.67176445562
1292,119500,168895.07078115924
1293,107500,258891.15624972942
1294,162900,181742.4448800513
1295,115000,117037.68698248328
1296,138500,110446.58276602512
1297,155000,147338.9253594491
1298,140000,168633.60089721304
1299,160000,632583.9092934217
1300,154000,133011.2791448774
1301,225000,246822.71324381046
1302,177500,157588.01351969142
1303,290000,270846.71727493365
1304,232000,200294.17404003616
1305,130000,209804.1427875178
1306,325000,231098.81832528178
1307,202500,201741.958278708
1308,138000,100467.79060211871
1309,147000,146218.01379436627
1310,179200,164498.21679512248
1311,335000,229857.77253764216
1312,203000,162430.8322848004
1313,302000,302714.6439502354
1314,333168,283414.8039950652
1315,119000,96126.28313044229
1316,206900,230562.9245399942
1317,295493,204252.4098259896
1318,208900,197576.9840417224
1319,275000,217970.3116032901
1320,111000,96126.28313044229
1321,156500,156992.93946461374
1322,72500,99641.45187943622
1323,190000,238109.49308411623
1324,82500,100912.0878019709
1325,147000,248391.68420281273
1326,55000,110008.57964738813
1327,79000,80651.10451936799
1328,130500,82481.54536231645
1329,256000,265178.6122849158
1330,176500,208029.04845892973
1331,227000,197399.83572558523
1332,132500,99257.56511226686
1333,100000,107053.83090025434
1334,125500,174389.78964910714
1335,125000,147823.2836100218
1336,167900,198227.40461116045
1337,135000,177345.59089401455
1338,52500,96850.48279050141
1339,200000,231700.60110211774
1340,128500,87443.26818708949
1341,123000,88270.22199121832
1342,155000,115796.64119484364
1343,228500,261027.25593235006
1344,177000,209491.75245030315
1345,155835,189836.06476809527
1346,108500,126961.13263202933
1347,262500,261135.68907618866
1348,283463,216833.25012261295
1349,215000,182660.9952696155
1350,122000,249910.78720632012
1351,200000,236435.9227367051
1352,171000,157022.5295995088
1353,134900,146777.81871478003
1354,410000,346956.67247112823
1355,235000,229603.0113754542
1356,170000,234730.18143764618
1357,110000,90337.60650154043
1358,149900,115645.2492581718
1359,177500,194397.0642672957
1360,315000,240431.6387566263
1361,189000,308694.5241960215
1362,260000,191404.42064565117
1363,104900,183310.80075760718
1364,156932,180265.68558793078
1365,144152,182923.69531645445
1366,216000,209859.48930187817
1367,193000,221850.31946174635
1368,127000,153613.6278181437
1369,144000,142467.13154089142
1370,232000,208180.44039560156
1371,105000,172267.05862442468
1372,165500,177361.74080960886
1373,274300,256095.73832391846
1374,466500,341096.0619959444
1375,250000,244238.48260590783
1376,239000,195642.55889181147
1377,91000,106877.29766556357
1378,117000,196542.67670511498
1379,83000,133322.0019028721
1380,167500,180916.10615736883
1381,58500,117037.68698248328
1382,237500,226057.63741011883
1383,157000,161777.5139732496
1384,112000,179620.3289368152
1385,105000,160276.2284645565
1386,125500,122442.47684421578
1387,250000,308060.9401849867
1388,136000,242704.53155508783
1389,377500,213732.1733571298
1390,131000,126547.04064851854
1391,235000,188376.5078893427
1392,124000,169903.006656855
1393,123000,93675.62693439721
1394,163000,230891.4647928032
1395,246578,215386.69604683385
1396,281213,268809.537980953
1397,160000,177538.27404429964
1398,137500,136038.5768197395
1399,138000,203539.29616320232
1400,137450,203037.12041781525
1401,120000,117833.82048882432
1402,193000,203997.64866380164
1403,193879,194092.63559051626
1404,282922,182070.9851328603
1405,105000,126133.56374645412
1406,275000,227967.5363434572
1407,133000,107114.2413329372
1408,112000,84238.82219609024
1409,125500,141535.57834835374
1410,215000,253171.19479312608
1411,230000,224507.71410882362
1412,140000,176633.09231267363
1413,90000,167836.85230942565
1414,257000,253456.77625310185
1415,207000,170667.2673676346
1416,175900,254624.6580315668
1417,122500,250414.8797574088
1418,340000,290074.0083023755
1419,124000,122467.61814223471
1420,223000,223862.35745770807
1421,179900,183190.22911872313
1422,127500,165812.4265919368
1423,136500,139956.06491216348
1424,274970,233681.81880029166
1425,144000,169165.98185894152
1426,142000,132572.66094479404
1427,271000,251663.61520321778
1428,140000,165262.47750590212
1429,119000,108324.46682278904
1430,182900,182101.19034920173
1431,192140,197217.6234911256
1432,143750,156849.5091883771
1433,64500,98694.3638527506
1434,186500,224568.1245415065
1435,160000,144621.12027968894
1436,174000,165602.79039879184
1437,120500,87443.26818708949
1438,394617,262553.26809851907
1439,149700,158002.1055032022
1440,197000,212620.25317447158
1441,191000,307402.14331457036
1442,149300,139956.06491216348
1443,310000,251814.64128492493
1444,121000,123623.11219917255
1445,179600,180240.54428991184
1446,129000,95019.42686610657
1447,157900,123445.96388303541
1448,240000,255372.15374530572
1449,112000,172942.62049188168
1450,92000,117421.57374965264
1451,136000,198543.60592802064
1452,287090,196366.1434704242
1453,145000,138538.48588983307
1454,84500,118484.24105826237
1455,185000,186546.6821278406
1456,175000,207068.52021294335
1457,210000,247533.9101008961
1458,266500,250561.20777575817
1459,142125,139158.7012429297
1460,147500,134044.97140003846
